UID,consent
MIXG,ok
CZER,ok
NWTU,ok
TPVA,ok
DYND,ok
RRAU,ok
ZJFT,ok
ODPT,ok
GDJE,ok
PCMF,ok
OOMM,ok
JUIK,ok
CYWL,ok
LEDK,no_audio
VUTP,ok
BNAJ,ok
XGAA,ok
PGMA,ok
NPFH,ok
ZLKX,ok
LBYC,ok
DKTE,ok
CRSL,ok
AMKV,no_audio
SHDQ,ok
TPTK,ok
HWDZ,ok
XUAK,ok
GNBU,ok
VJVC,ok
KPHL,ok
TRDS,ok
LVXL,ok
YZVT,ok
CXMM,ok
SQAT,ok
VNQO,ok
PCNX,ok
CNCW,ok
GFPM,ok
IGCP,ok
YHSV,ok
BSRI,ok
KEOL,ok
TTIS,ok
GAUD,ok
AHQN,ok
SCON,ok
GSLS,ok
ZWLT,ok
ZOLO,ok
LBVW,ok
LEGF,ok
UMFL,ok
AJFE,ok
VITE,ok
AVMF,ok
YFQM,ok
CCJW,ok
APFB,ok
UVIA,ok
RWZQ,ok
UGYQ,no_audio
HMXR,ok
QWZT,ok
IOCC,ok
LOHZ,ok
CQYU,ok
IPMA,ok
ABMX,ok
BJUC,ok
LDAP,ok
PQFD,ok
XTPT,ok
XNAU,ok
ISEJ,ok
KKTQ,ok
XXCT,ok
NHCM,ok
XYEK,ok
EFPC,ok
HGYK,ok
ASHR,ok
BZEA,ok
ISGL,ok
UOSS,ok
HEVH,ok
KPFH,ok
LCNW,ok
GBTH,ok
XIXL,ok
AZPO,ok
JCQC,ok
UFDY,ok
VUJO,no_audio
FWND,ok
TWDN,ok
EDTB,ok
CRWO,ok
DFOW,ok
PWRG,ok
FFRL,ok
BXDO,ok
LOFY,ok
CXSB,ok
FEMF,ok
VQVH,ok
TUZA,ok
YGDB,ok
VZZC,ok
VUYF,no_audio
KFQY,ok
RBOG,ok
TUNJ,ok
JVJL,ok
UWMU,ok
EVCN,ok
KCRZ,ok
HDLV,ok
GUTF,ok
HHHE,ok
KVYN,ok
IPCB,ok
HLFM,ok
ZAAX,ok
KXNF,ok
FQYS,ok
VVAO,ok
HXHY,ok
APID,ok
KFYD,ok
DNOS,ok
EUGJ,ok
HZRN,ok
HKRF,no_audio
GKBE,ok
DIYE,ok
IGVA,ok
QVTY,ok
UKEJ,ok
WIWF,ok
BNBQ,ok
PMLQ,ok
DSMR,ok
XEKM,ok
NZQW,ok
YCXF,ok
TTFI,ok
QFCD,ok
XSVA,ok
RNLY,ok
OWGL,ok
FQWL,ok
DNMP,ok
RXAO,ok
OEAH,ok
QKEJ,ok
SNDV,ok
MSCO,ok
HDNF,ok
TMAV,ok
DTXP,ok
RAJQ,ok
QDGV,ok
LAOE,ok
KNPB,ok
BLZL,ok
RHYD,ok
BRVU,ok
DSIC,ok
LLNV,ok
KEZZ,ok
SDYY,ok
LAKO,ok
VWOO,ok
CZMV,no_audio
FJCF,ok
CCGH,ok
VATG,ok
LVGN,ok
UDTD,ok
KORE,ok
FFOD,ok
EUEH,ok
CLER,ok
FTFT,ok
WTEK,ok
ZFMD,ok
KHPQ,ok
NWFD,ok
LIDX,ok
BUHM,ok
OCBC,ok
YVTX,ok
WKBB,ok
CICD,ok
FJJI,ok
CIID,ok
MXJS,ok
RCWY,ok
BVEO,ok
YJHC,ok
VXQH,no_audio
FMFX,ok
TVET,ok
ZKCK,ok
DYAK,ok
HXZZ,ok
EVFU,ok
YNDU,ok
WCPR,ok
UHTS,ok
RGML,ok
ZLZD,no_audio
OHPG,ok
CCWJ,ok
FMOO,no_audio
YYYI,ok
DOED,ok
ZUYN,ok
EXRW,ok
DOYR,ok
SUKO,ok
EGZW,ok
RHJX,ok
YGDZ,no_audio
OASX,ok
CZLH,ok
EJPH,ok
JMOG,ok
EVVM,ok
BYRX,ok
ZFOJ,ok
XOHE,ok
QDCG,ok
BFKG,ok
UNOI,ok
TWOR,ok
EMZF,ok
PDLD,ok
HFCS,ok
TVKA,ok
BEKM,ok
LCXS,ok
TFRP,ok
QNXD,ok
NQPL,ok
ELAJ,ok
YKFP,ok
PXDH,ok
CALT,ok
IPHH,ok
RRDW,ok
TIXC,ok
MCJN,ok
PYRT,ok
SDOI,ok
MLPB,ok
AOQC,ok
ZCNV,ok
YOGB,no_audio
GYBZ,ok
BHXO,ok
XAEL,ok
FHSY,no_audio
ZEWN,ok
YGIV,ok
VRST,ok
YIIZ,ok
LLBP,ok
HPNB,ok
GIWV,ok
GKBV,ok
OKOZ,ok
AIKP,ok
UFAM,ok
ZPWK,ok
IVZI,ok
XDYX,ok
IXXR,ok
MKDC,ok
EEIN,ok
CLIB,ok
YLYK,ok
WYIV,ok
SRJK,ok
NGPR,ok
DHAM,ok
KBMJ,ok
IMMC,ok
BLTF,ok
GOLW,ok
MSOH,ok
CXQZ,ok
SDYX,ok
YPWC,ok
WGFT,ok
ZPWZ,ok
WBHX,ok
GIIR,ok
GMMO,ok
ZGNM,ok
GRAR,no_audio
ZJOB,ok
ETKD,ok
WIAS,ok
TSPB,ok
OZSY,ok
XIUW,ok
YIKI,ok
ZQMH,no_audio
QYGT,ok
JAXC,ok
RMZZ,ok
XPMD,ok
DTEM,ok
MHXW,ok
MCEZ,ok
NMZI,ok
YQIB,ok
RBLS,ok
XQGF,no_audio
VUCU,ok
TTOF,ok
OEZX,ok
YECE,ok
CLBF,ok
NUYJ,ok
VHUA,ok
VQED,ok
RCFR,ok
VYVF,ok
VFLN,ok
FPKO,ok
ZISL,ok
JASL,ok
JAGZ,ok
EBCW,ok
WUQD,ok
EDLT,ok
TPJS,ok
NIAP,no_audio
ENWC,ok
QZEX,no_audio
UIHT,ok
HFSV,ok
QVYF,ok
YLOG,ok
ROPY,ok
JXAT,ok
VMPG,ok
ZKMF,ok
VSXG,ok
GGSX,ok
NJTA,ok
QSIC,ok
ANGR,ok
CTDF,ok
CFAB,ok
SLLT,ok
NUCN,ok
KKHV,ok
AIEB,ok
SIBL,ok
SBMK,ok
PYDG,ok
SXHP,ok
MIEI,ok
TVZQ,ok
VRIT,ok
DMSW,ok
AISI,ok
EWCC,ok
KUGY,ok
CDSL,ok
WVTO,ok
OLQM,ok
HVLO,ok
HWYK,ok
OFCF,ok
PXYB,ok
BAVI,ok
ZRWA,ok
QFPK,ok
FYQI,ok
ESSD,ok
ZHCJ,ok
GOYC,ok
BDNI,ok
BHBK,ok
ZXKI,ok
JVOT,ok
FIBD,ok
CBVP,ok
XCIM,no_audio
KDRC,ok
TRYJ,ok
KRKJ,ok
INBX,ok
OKWW,ok
SOZJ,ok
ORZO,ok
OUQD,ok
BVDH,ok
GNMQ,ok
JNDD,ok
XCEL,ok
OBMP,ok
PJCV,ok
AHSH,ok
STGG,ok
SAUU,ok
ZZSM,no_audio
OTGL,ok
FQAF,ok
QMNB,ok
GXEB,ok
KFTU,ok
KRZH,ok
GMWW,ok
EECM,ok
YDQV,ok
UXEI,ok
NOMA,ok
TYCF,ok
LWCO,ok
VMXT,ok
JEAO,ok
TASM,ok
AEPC,ok
EFKS,ok
FBWY,ok
XNJP,ok
DUGA,ok
MIIK,ok
QRRJ,ok
GVUS,ok
KEOY,ok
YPDC,ok
PWBS,ok
DTAZ,ok
COOG,ok
ZHRR,ok
LHHT,ok
EYLY,ok
ZKZN,ok
VETL,ok
EPKE,no_audio
EAVK,ok
FRWW,ok
FALC,ok
EVJU,ok
TIVM,ok
QKJG,ok
RDTE,ok
CLUZ,no_audio
GZMD,ok
MIDF,ok
XTSM,ok
GOAU,ok
GYUD,ok
ZRRB,ok
XVBP,ok
EPQP,ok
ISAE,ok
RIOS,ok
ZYHQ,ok
GGLE,ok
IBYY,ok
GHXY,ok
LIPR,ok
BTKD,ok
PZKU,ok
SZYP,ok
TUSD,ok
GVNN,ok
SOKG,no_audio
YRCD,ok
SSZQ,ok
XMZW,ok
KNCA,ok
UOAT,ok
ZPMN,ok
DJLC,ok
CGQA,ok
QBCZ,ok
FRBT,ok
VFBX,ok
FXKN,ok
SJVF,no_audio
HBBQ,ok
IKHY,ok
VEKJ,ok
CJRU,ok
XQYH,ok
RRUY,no_audio
BPSH,ok
BYRJ,ok
LHTZ,ok
XOIQ,ok
BBCP,ok
RMYB,ok
JKZM,ok
MOHG,ok
AQZL,ok
JXGS,ok
QOST,ok
WDZS,ok
FNVT,ok
YFTY,ok
YMTU,ok
RYDG,ok
OWIM,ok
MCQO,ok
XYMB,ok
SWXV,ok
VJUZ,ok
TVAU,ok
UBKB,ok
JXIV,ok
BDAX,no_audio
HCIF,no_audio
XVRH,ok
WOZO,ok
QGPN,ok
YIRI,ok
WJWW,ok
FSTE,ok
UICW,ok
YZZH,ok
NMCH,ok
SFID,ok
ZGBL,ok
UUCL,ok
BDGM,ok
VPSN,ok
ZQTC,ok
NDWO,ok
FNGR,ok
TUEM,ok
DGSC,ok
QVYB,ok
MGNO,ok
VRKE,ok
QAMI,ok
FJHI,ok
EJOM,ok
NYTH,ok
CEIX,ok
CAVF,ok
TPQP,ok
BNOO,ok
FVIK,ok
MJKM,ok
ACTW,ok
NEIS,ok
YMLU,ok
KQWD,ok
GIQG,ok
TBJW,no_audio
ZLFM,ok
TMYB,ok
MEFD,ok
TIKO,ok
KZCC,ok
RXJS,ok
EYXR,ok
XIWJ,ok
FSWB,ok
UGGO,ok
VFKD,ok
NXDG,ok
OKGR,ok
TIBD,ok
GPAK,ok
NVYG,ok
QVXX,ok
ZVDJ,ok
UPAW,ok
DQIU,ok
PEAV,ok
BLBZ,ok
AWMO,ok
LPNE,ok
QNPX,ok
OUZE,ok
QQKY,ok
DKPP,ok
XYEE,ok
BDUF,ok
WCWE,ok
LOCO,ok
TIEX,ok
AGAO,ok
SKNK,no_audio
YBWQ,ok
WUCN,ok
ECVN,ok
XVTI,ok
NIDZ,ok
TYEY,ok
ZGQY,ok
KJEV,ok
ORWP,ok
WNMA,ok
ABNI,ok
CCBS,ok
LMVO,ok
BOUD,ok
THZB,ok
FCLR,ok
ZPGU,ok
WJHB,ok
GPGA,ok
NOQT,ok
UGBP,ok
LAKP,ok
CGIB,ok
ZVMY,ok
JICI,ok
MBVT,ok
RMNW,ok
AHQM,ok
CCOY,ok
YXMA,ok
YRYC,ok
YGYR,ok
CWHJ,ok
XMXO,ok
QKOW,ok
XVXT,ok
BFHL,ok
RQHU,ok
ZFDB,ok
FZPW,ok
IPJN,ok
UDXP,ok
NFNF,ok
GIOH,ok
VCZR,ok
JEUB,ok
KFFF,ok
KDYB,ok
XPCV,ok
BWVF,ok
VOZO,ok
DNTL,ok
QOOD,ok
TVYF,ok
JPQE,ok
VCMZ,ok
SATI,ok
TIBR,ok
TFBR,ok
GOQI,ok
XNEG,ok
CYGU,ok
MXCL,ok
DSLN,ok
FNUF,ok
FAHE,ok
CLEJ,ok
EYWJ,ok
MNJJ,ok
MAQI,ok
GAZV,ok
ZTLY,no_audio
JTEM,ok
UQJA,ok
NNPH,ok
JDKE,ok
WSZF,ok
XIOT,ok
LQUM,ok
SPYB,ok
TSAA,ok
OSIL,ok
BDOI,ok
JURN,ok
BCVF,ok
YGXH,ok
RRWK,ok
BYPQ,ok
OYUZ,ok
CMSY,ok
SHOU,ok
AWLY,ok
GHLF,ok
XVHT,ok
BCMG,ok
MBKO,ok
RNEW,ok
YOFQ,ok
EMDA,ok
DTWK,ok
XDBM,ok
KSJX,ok
LTSZ,ok
WHVY,ok
SION,ok
LSIS,ok
XNVQ,ok
PCJF,ok
SPBA,ok
ENGZ,ok
HUYI,ok
WFQK,ok
QXIH,ok
FLKN,ok
OFFV,ok
MOCP,ok
HQPB,no_audio
DRXU,ok
KETC,ok
LDNK,ok
LYFW,no_audio
LTAQ,no_audio
HWTX,ok
LAXN,ok
ULLP,ok
CYSF,ok
UWOZ,ok
DEML,ok
JEAL,ok
NLQP,ok
VIVS,ok
SFSY,ok
JGLJ,ok
DMYY,ok
HWOL,ok
MQDQ,ok
FOPS,ok
PMBH,ok
JTVH,ok
PTMF,ok
RATN,ok
BDJF,ok
DQYW,ok
BCUE,ok
VRSA,ok
RMKN,ok
FTDY,ok
ZTBJ,ok
ZPCZ,ok
HZBG,ok
JBIL,ok
NUHA,ok
RCDF,ok
GWOX,ok
ESTD,ok
ZMCX,ok
XSXQ,ok
LRMP,ok
VGMD,ok
QMGE,ok
KDEU,ok
HGBP,ok
YDSB,ok
XMFF,no_audio
GJCI,ok
MCMB,ok
VGXK,ok
BRVM,ok
VJYT,ok
KOOG,ok
ZFWF,ok
IPQX,ok
RHWR,ok
DZTY,ok
HUBI,ok
YELS,ok
ALGD,ok
HXVS,ok
BNOH,ok
BRXK,ok
NDVI,ok
BEVG,ok
LFFD,ok
ACXW,ok
JNLN,ok
SXMH,ok
OLBL,ok
HZVF,ok
FRFQ,ok
HEHU,ok
YDPY,ok
BKKM,ok
SPCF,ok
HUDO,ok
FMHR,ok
KEDM,ok
BJAD,ok
AWQT,ok
RJVT,ok
KMII,ok
WLOX,ok
SCTT,ok
YJSI,ok
OIDW,ok
VFEX,ok
KRMJ,ok
WVLP,ok
VIKF,ok
DJVZ,ok
MXDT,ok
DHAB,ok
IDFP,ok
GFYZ,ok
IZSQ,ok
IATI,no_audio
UCAX,ok
XBSQ,no_audio
AMHY,ok
QDBA,ok
ROYT,ok
QZDY,ok
BKNV,ok
OFQQ,ok
GOSY,ok
SYWQ,ok
VBQG,ok
IOSV,ok
FIKU,ok
DIZP,ok
BZEP,ok
UWSQ,ok
WCAR,ok
VOVJ,ok
FJTV,ok
JDOB,ok
IJQQ,ok
FPFX,ok
NIHI,ok
IKNR,ok
NPQC,ok
LAPG,ok
EVQN,ok
GHMK,ok
MWVG,ok
RGSE,ok
LBNN,ok
HPYW,ok
ZCEZ,ok
JLQZ,ok
FVTU,ok
OFXV,ok
ZBAS,ok
SYZH,ok
EJSR,ok
IHIF,ok
ZGYT,ok
RQJR,ok
RSUK,ok
KOQB,ok
SXOS,ok
UQKW,ok
XRIV,ok
QEOR,ok
NMUE,ok
JIQI,ok
TNUQ,ok
FWAG,ok
WUEY,ok
LHAU,ok
RZKH,ok
CWJJ,ok
QKPX,ok
BGTK,ok
CBFY,ok
KUSC,ok
RAKP,ok
GOOB,ok
CZJB,ok
KYSI,ok
SSQE,ok
ACBR,ok
HIGZ,ok
OTKB,ok
DGMU,ok
YDIO,ok
IJMG,ok
TMQT,ok
RVHZ,ok
GRPJ,ok
FBTV,ok
ZYKF,ok
OPGH,ok
NSBJ,no_audio
YFEF,ok
JIME,ok
QBYH,ok
OGPV,ok
ZCOU,ok
BHGY,ok
AYBA,ok
URJL,ok
XDIE,ok
OYYZ,ok
JIYA,ok
RXSC,ok
OGQG,ok
BOQG,ok
DNGG,ok
KLXL,ok
RVPF,ok
PLSP,ok
BRYH,no_audio
MAXS,ok
ZDGL,ok
GHGD,ok
GFKH,ok
IMST,ok
ROMW,ok
TIDA,ok
ELJW,ok
FXCQ,ok
PIVE,ok
CGCE,ok
XZKG,ok
VOXQ,ok
CBHV,ok
RLZK,ok
FSUY,ok
FPZN,ok
QMBF,ok
LQVZ,ok
ORZF,ok
TKJD,ok
STWW,ok
ZSMF,ok
MHUD,ok
IKIA,ok
LDXH,ok
YXRN,ok
MRDQ,ok
JSHF,ok
IXKM,ok
LJIP,ok
EGEH,ok
ZIOD,ok
JTPS,ok
JOFB,ok
JKBX,ok
FGTI,ok
ZVYB,ok
VTEA,ok
MYXS,no_audio
ORGN,ok
FAPZ,ok
DNVV,ok
RLFX,ok
LZBT,ok
TFUD,ok
QDGR,ok
PRTT,ok
AOLG,ok
LTSU,ok
NNHI,ok
YRWJ,ok
SXAH,ok
FONZ,no_audio
KCUO,ok
LEJJ,ok
KJNO,ok
USUU,ok
IZNJ,ok
UZPN,ok
AKVO,ok
YUAF,ok
MPDX,ok
FVIZ,ok
QVWW,ok
LZBW,ok
CZKB,ok
SUPE,ok
UAFK,ok
WRWX,ok
WFDO,ok
MEWO,no_audio
OYFQ,ok
XYCB,ok
FLCV,ok
TGFZ,ok
XJVW,ok
ANTS,ok
ZAHZ,ok
VLFD,ok
IEEA,ok
WNIY,ok
JRME,ok
KVDO,ok
JGSK,ok
SYIN,ok
XEUG,ok
KHMQ,ok
NDZV,ok
TQKV,ok
STIG,ok
CYKL,ok
BUPG,ok
CXYK,ok
DFTY,ok
ECWO,ok
EVNO,ok
GKPC,ok
GYLR,ok
HLZY,ok
LHET,ok
RABL,ok
RTYI,ok
SQQZ,ok
TUSZ,ok
UHFS,ok
VBCR,ok
VKLT,ok
