UID,V1,V2,V3,COMMENTS
ABMX,glungge_glügge,,,
ABNI,glumpe,,,
ACBR,gunt-e,,,
ACTW,gunt-e,,,
ACXW,pfütz-e,,,
AEPC,glungge_glügge,,,
AGAO,gump-e,,,
AHQM,gunt-e,,,
AHQN,pfütz-e,,,
AHSH,gille,,,
AIEB,pfütz-e,,,
AIKP,gunt-e,,,
AISI,glungge_glügge,,,
AJFE,gunt-e,,,
AKVO,butz,,,
ALGD,gille,,,
AMHY,gülle,,,
AMKV,glungge_glügge,,,
ANGR,glungge_glügge,,,
ANTS,gump-e,,,
AOLG,gunt-e,,,
AOQC,glungge_glügge,,,
APFB,glungge_glügge,,,
APID,glungge_glügge,,,
AQZL,glunte,,,
ASHR,gu-u-dle,,,
AVMF,gump-e,,,
AWLY,glunte,,,
AWMO,gunt-e,,,
AWQT,glumpe,,,
AYBA,gu-u-dle,,,
AZPO,pfütz-e,,,
BAVI,pfütz-e,,,
BBCP,glungge_glügge,,,
BCMG,gunt-e,,,
BCUE,gump-e,,,
BCVF,pfütz-e,,,
BDAX,glunte,,,
BDGM,gunt-e,,,
BDJF,gump-e,,,
BDNI,pfütz-e,glungge_glügge,,
BDOI,bütz-e,,,
BDUF,lache,,,
BEKM,pfütz-e,,,
BEVG,glunggi,,,
BFHL,glungge_glügge,,,
BFKG,glunte,,,
BGTK,pfütz-e,,,
BHBK,pfütz-e,,,
BHGY,gunt-e,,,
BHXO,pfütz-e,,,
BJAD,gunt-e,,,
BJUC,glungge_glügge,,,
BKKM,pfütz-e,,,
BKNV,gump-e,gu-u-dle,,
BLBZ,gu-u-dle,,,
BLTF,pfütz-e,,,
BLZL,glungge_glügge,,,
BNAJ,gump-e,glungge_glügge,,
BNBQ,pfütz-e,,,
BNOH,gülle,,,spez. gulla
BNOO,glungge_glügge,,,
BOQG,pfütz-e,,,
BOUD,glungge_glügge,,,
BPSH,gumpi,,,
BRVM,gunt-e,,,
BRVU,glunte,,,
BRXK,glutte,,,
BRYH,bütz-e,,,
BSRI,pfütz-e,glunggi,,
BTKD,SDATS_bädere,,,
BUHM,pfütz-e,gunt-e,,
BVDH,gu-u-dle,,,
BVEO,pfütz-e,,,
BWVF,glungge_glügge,,,
BXDO,pfütz-e,,,
BYPQ,glunte,,,
BYRJ,gunt-e,,,
BYRX,pfütz-e,,,
BZEA,gunt-e,,,
BZEP,gunt-e,,,
CALT,pfütz-e,,,
CAVF,gunt-e,,,
CBFY,bütz-e,,,
CBHV,gu-u-dle,,,
CBVP,gunt-e,,,
CCBS,glungge_glügge,,,
CCGH,glunte,,,
CCJW,glunte,,,
CCOY,gunt-e,,,
CCWJ,glungge_glügge,,,
CDSL,glungge_glügge,,,
CEIX,gunt-e,,,
CFAB,pfütz-e,,,
CGCE,gunt-e,,,
CGIB,glutte,,,
CGQA,pfütz-e,,,
CICD,gille,,,
CIID,glungge_glügge,,,
CJRU,tümpel,,,
CLBF,gille,,,
CLEJ,gille,,,spez. gillu
CLER,glungge_glügge,,,
CLIB,gunt-e,,,
CLUZ,gump-e,,,
CMSY,glungge_glügge,,,
CNCW,glungge_glügge,,,
COOG,pfütz-e,,,
CQYU,pfütz-e,,,
CRSL,glunggi,,,
CRWO,pfütz-e,,,
CTDF,glungge_glügge,,,
CWHJ,glumpe,,,
CWJJ,gunt-e,,,
CXMM,pfütz-e,,,
CXQZ,pfütz-e,,,
CXSB,gille,,,
CYGU,glungge_glügge,,,
CYSF,bütz-e,,,
CYWL,pfütz-e,,,
CZER,glungge_glügge,,,
CZJB,gille,,,spez. gillu
CZKB,pfütz-e,,,
CZLH,pfütz-e,,,
CZMV,glungge_glügge,,,
DEML,pfütz-e,,,
DFOW,pfütz-e,,,
DGMU,glungge_glügge,,,
DGSC,glunte,,,
DHAB,gille,,,
DHAM,gu-u-dle,,,
DIYE,pfütz-e,,,
DIZP,gunt-e,,,
DJLC,pfütz-e,,,
DJVZ,glungge_glügge,,,
DKPP,gump-e,,,
DKTE,glungge_glügge,,,
DMSW,gille,,,spez. gillu
DMYY,pfütz-e,,,
DNGG,pfütz-e,,,
DNMP,gunt-e,,,
DNOS,gille,,,spez. Gillu
DNTL,glunte,,,glunta
DNVV,gunt-e,,,
DOED,glungge_glügge,,,
DOYR,gump-e,,,
DQIU,gunt-e,,,
DQYW,gump-e,,,
DRXU,gille,,,
DSIC,lache,,,
DSLN,glungge_glügge,,,
DSMR,glungge_glügge,,,
DTAZ,pfütz-e,,,
DTEM,pfütz-e,,,spez. pfitze
DTWK,gunt-e,,,
DTXP,pfütz-e,,,
DUGA,glunte,,,
DYAK,gunt-e,,,
DYND,glungge_glügge,,,
DZTY,pfütz-e,,,
EAVK,lache,,,
EBCW,glutte,,,
ECVN,glungge_glügge,,,
EDLT,pfütz-e,gunt-e,,
EDTB,pfütz-e,,,
EECM,glungge_glügge,,,
EEIN,gunt-e,,,
EFKS,glungge_glügge,,,
EFPC,glungge_glügge,,,
EGEH,gunt-e,,,günte
EGZW,pfütz-e,,,
EJOM,gu-u-dle,,,
EJPH,glungge_glügge,,,
EJSR,glungge_glügge,,,
ELAJ,pfütz-e,,,
ELJW,gu-u-dle,,,
EMDA,glungge_glügge,,,
EMZF,glungge_glügge,,,
ENGZ,gump-e,,,
ENWC,gu-u-dle,,,
EPKE,gunt-e,,,
EPQP,pfütz-e,,,
ESSD,gille,,,
ESTD,gump-e,,,
ETKD,glunte,,,
EUEH,glunggi,,,
EUGJ,pfütz-e,,,
EVCN,glungge_glügge,,,
EVFU,pfütz-e,,,
EVJU,glungge_glügge,,,
EVQN,gunt-e,,,
EVVM,pfütz-e,,,
EWCC,pfütz-e,,,
EXRW,SDATS_bädere,,,
EYLY,glungge_glügge,,,
EYWJ,glunte,,,
EYXR,pfütz-e,,,
FAHE,glungge_glügge,,,
FALC,pfütz-e,,,
FAPZ,gunt-e,,,
FBTV,gille,,,spez. Giua
FBWY,pfütz-e,,,
FCLR,pfütz-e,,,
FEMF,pfütz-e,,,
FFOD,glungge_glügge,,,
FFRL,gille,,,spez. gillu
FGTI,glungge_glügge,,,
FHSY,gunt-e,,,
FIBD,gunt-e,,,
FIKU,gunt-e,,,spez. Günte
FJCF,glungge_glügge,,,
FJHI,glunte,,,
FJJI,gunt-e,,,
FJTV,pfütz-e,,,
FLCV,pfütz-e,,,
FLKN,glungge_glügge,,,
FMFX,glungge_glügge,,,
FMHR,pfütz-e,,,
FMOO,gunt-e,,,
FNGR,lache,,,
FNUF,glumpe,,,
FNVT,pfütz-e,,,
FONZ,glungge_glügge,,,
FOPS,gumpi,,,
FPFX,gump-e,,,
FPKO,glungge_glügge,,,
FPZN,pfütz-e,,,
FQAF,glunte,,,
FQWL,glunte,,,
FQYS,pfütz-e,,,
FRBT,glunte,,,
FRFQ,glunte,,,
FRWW,pfütz-e,,,
FSTE,gunt-e,,,
FSUY,gump-e,,,
FSWB,gumpi,,,
FTDY,glungge_glügge,,,
FTFT,glungge_glügge,,,
FVIK,butz,,,
FVIZ,glutte,,,
FVTU,glungge_glügge,,,
FWAG,glungge_glügge,,,
FWND,gille,,,
FXCQ,bütz-e,,,
FXKN,glungge_glügge,,,
FYQI,gu-u-dle,,,
FZPW,pfütz-e,,,
GAUD,gunt-e,,,
GAZV,pfütz-e,,,
GBTH,glungge_glügge,,,
GDJE,pfütz-e,,,
GFKH,gunt-e,,,
GFPM,SDATS_gluntsche,,,
GFYZ,butz,,,
GGLE,SDATS_bädere,,,
GGSX,pfütz-e,,,
GHGD,pfütz-e,,,
GHLF,gunt-e,,,
GHMK,gunt-e,,,
GHXY,glungge_glügge,,,
GIIR,gunt-e,,,
GIOH,gunt-e,,,
GIQG,pfütz-e,,,
GIWV,pfütz-e,,,
GJCI,butz,,,
GKBE,glungge_glügge,,,
GKBV,glungge_glügge,,,
GMMO,glungge_glügge,,,
GMWW,pfütz-e,,,
GNBU,glungge_glügge,,,
GNMQ,glunte,,,
GOAU,glungge_glügge,,,
GOLW,gille,glungge_glügge,,spez. gillu
GOOB,glungge_glügge,,,
GOQI,glumpe,,,
GOSY,gu-u-dle,,,
GOYC,gunt-e,,,
GPAK,gunt-e,,,
GPGA,pfütz-e,,,
GRAR,pfütz-e,,,
GRPJ,pfütz-e,,,
GSLS,glungge_glügge,,,
GUTF,glungge_glügge,,,
GVNN,lache,,,
GVUS,pfütz-e,,,
GWOX,gunt-e,,,
GXEB,pfütz-e,,,
GYBZ,pfütz-e,,,
GYUD,gunt-e,,,
GZMD,glungge_glügge,,,
HBBQ,lache,,,
HCIF,pfütz-e,,,
HDLV,pfütz-e,,,
HDNF,pfütz-e,,,
HEHU,SDATS_bädere,,,
HEVH,pfütz-e,,,
HFCS,gille,,,spez. Gillu
HFSV,glungge_glügge,,,
HGBP,pfütz-e,,,
HGYK,gu-u-dle,,,
HHHE,glutte,,,
HIGZ,pfütz-e,,,
HKRF,gunt-e,,,
HLFM,glungge_glügge,,,
HMXR,glungge_glügge,,,
HPNB,pfütz-e,,,
HPYW,gunt-e,,,
HQPB,gille,,,
HUBI,glungge_glügge,,,
HUDO,gump-e,,,
HUYI,glungge_glügge,,,
HVLO,pfütz-e,,,
HWDZ,gunt-e,,,
HWOL,glungge_glügge,,,
HWTX,gump-e,,,
HWYK,gu-u-dle,,,
HXHY,pfütz-e,,,
HXVS,glungge_glügge,,,
HXZZ,gunt-e,,,
HZBG,glungge_glügge,,,
HZRN,pfütz-e,,,
HZVF,glungge_glügge,,,
IATI,pfütz-e,,,
IBYY,SDATS_bädere,,,
IDFP,gille,,,spez. Gillun
IEEA,gu-u-dle,,,gudla
IGCP,pfütz-e,,,
IGVA,gille,,,spez. gillu
IHIF,pfütz-e,,,
IJMG,glutte,,,
IJQQ,gungge,,,
IKHY,pfütz-e,,,
IKIA,pfütz-e,,,
IKNR,glunte,,,
IMMC,glutte,,,
IMST,glungge_glügge,,,
INBX,pfütz-e,,,
CYKL,glungge_glügge,,,
IOCC,glungge_glügge,,,
IOSV,gunt-e,,,
IPCB,pfütz-e,,,spez. pfützu
IPHH,glungge_glügge,,,
IPJN,gunt-e,,,
IPMA,gump-e,,,
IPQX,pfütz-e,,,
ISAE,glungge_glügge,,,
ISEJ,glumpe,,,
ISGL,pfütz-e,glungge_glügge,,
IVZI,pfütz-e,,,
IXKM,glungge_glügge,,,
IXXR,pfütz-e,gille,,
IZNJ,gu-u-dle,,,guttla
IZSQ,butz,,,
JAGZ,glungge_glügge,,,
JASL,pfütz-e,,,
JAXC,gu-u-dle,,,
JBIL,gungge,,,
JCQC,gunt-e,,,
JDKE,gunt-e,,,
JDOB,pfütz-e,,,
JEAL,pfütz-e,,,
JEAO,gump-e,,,
JEUB,pfütz-e,,,
JGLJ,pfütz-e,,,
JGSK,pfütz-e,,,
JICI,pfütz-e,,,
JIME,butz,,,
JIQI,pfütz-e,,,suspekt: pfützLe
JIYA,gunt-e,,,
JKBX,pfütz-e,,,
JKZM,pfütz-e,,,
JLQZ,gumpi,,,
JMOG,glungge_glügge,,,
JNDD,pfütz-e,,,
JNLN,pfütz-e,,,
JOFB,gunt-e,,,
JPQE,gump-e,,,
JRME,gump-e,,,
JSHF,gunt-e,,,
JTEM,gunt-e,,,
JTPS,gump-e,,,
JTVH,glunte,,,
JUIK,pfütz-e,,,
JURN,glunte,,,
JVJL,glungge_glügge,,,
JVOT,pfütz-e,,,
JXAT,glungge_glügge,,,
JXGS,gunt-e,,,
JXIV,glungge_glügge,,,
KBMJ,glungge_glügge,,,
KCRZ,gunt-e,,,
KCUO,glunte,,,glunta
KDEU,glunte,,,
KDRC,gille,,,
KDYB,gille,,,
KEDM,pfütz-e,,,
KEOL,glungge_glügge,,,
KEOY,glungge_glügge,,,
KETC,gunt-e,,,
KEZZ,pfütz-e,,,
KFFF,glungge_glügge,,,
KFQY,gumpi,,,
KFTU,pfütz-e,,,
KFYD,gu-u-dle,,,
KHMQ,glutte,,,
KHPQ,pfütz-e,,,
KJEV,pfütz-e,,,
KJNO,glungge_glügge,,,
KKHV,glungge_glügge,,,
KKTQ,glungge_glügge,,,
KLXL,gunt-e,,,
KMII,glungge_glügge,,,
KNCA,gunt-e,,,
KNPB,gump-e,,,
KOOG,gille,,,spez. Gilla
KOQB,pfütz-e,,,
KORE,gunt-e,,,
KPFH,pfütz-e,,,
KPHL,pfütz-e,,,
KQWD,gunt-e,,,
KRKJ,pfütz-e,,,
KRMJ,gunt-e,,,
KRZH,gunt-e,,,
KSJX,glumpe,,,
KUGY,gunt-e,,,
KUSC,SDATS_gluntsche,,,
KVDO,gump-e,,,
KVYN,pfütz-e,,,
KXNF,pfütz-e,,,
KYSI,gunt-e,pfütz-e,,
KZCC,glungge_glügge,,,
LAKO,gu-u-dle,,,
LAKP,pfütz-e,,,
LAOE,gunt-e,,,
LAPG,pfütz-e,,,
LAXN,butz,,,
LBNN,gunt-e,,,
LBVW,glunte,,,
LBYC,glunggi,,,
LCNW,glunggi,,,
LCXS,gunt-e,,,
LDAP,pfütz-e,,,
LDNK,pfütz-e,,,
LDXH,gunt-e,,,
LEDK,pfütz-e,,,
LEGF,glungge_glügge,,,
LEJJ,gump-e,,,
LFFD,lache,,,
LHAU,gunt-e,,,
LHHT,glungge_glügge,,,
LHTZ,glungge_glügge,,,
LIDX,pfütz-e,,,
LIPR,gunt-e,,,
LJIP,glumpe,,,
LLBP,pfütz-e,,,
LLNV,glungge_glügge,,,
LMVO,gump-e,,,
LOCO,glungge_glügge,,,
LOFY,glungge_glügge,,,
LOHZ,glunte,,,
LPNE,glumpe,,,
LQUM,glungge_glügge,,,
LQVZ,gunt-e,,,
LRMP,pfütz-e,,,
LSIS,gille,,,
LTAQ,pfütz-e,,,
LTSU,gunt-e,,,
LTSZ,gunt-e,,,
LVGN,glungge_glügge,,,
LVXL,SDATS_gluntsche,,,
LWCO,pfütz-e,,,
LYFW,glunte,,,
LZBT,glungge_glügge,,,
LZBW,gu-u-dle,,,
MAQI,glungge_glügge,,,
MAXS,gunt-e,,,
MBKO,glungge_glügge,,,
MBVT,glungge_glügge,,,
MCEZ,pfütz-e,,,
MCJN,glungge_glügge,,,
MCMB,butz,,,
MCQO,glungge_glügge,,,
MEFD,gunt-e,,,
MEWO,gump-e,,,
MGNO,gu-u-dle,,,
MHUD,gu-u-dle,,,
MHXW,gunt-e,,,
MIDF,glungge_glügge,,,
MIEI,gunt-e,,,
MIIK,pfütz-e,,,
MIXG,glungge_glügge,,,
MJKM,pfütz-e,,,
MKDC,butz,,,
MLPB,glungge_glügge,,,
MNJJ,glungge_glügge,,,
MOCP,pfütz-e,,,
MOHG,glungge_glügge,,,
MPDX,gu-u-dle,,,
MQDQ,glunte,,,
MRDQ,glunte,,,
MSCO,glungge_glügge,,,
MSOH,gille,,,
MWVG,glungge_glügge,,,
MXCL,gu-u-dle,,,
MXDT,tümpel,,,
MXJS,glunte,,,
MYXS,pfütz-e,lache,gump-e,
NDVI,glutte,,,
NDWO,gu-u-dle,,,
NDZV,pfütz-e,,,
NEIS,pfütz-e,,,
NFNF,glungge_glügge,,,
NGPR,glungge_glügge,,,
NHCM,glunte,,,
NIAP,glungge_glügge,,,
NIDZ,gu-u-dle,,,
NIHI,gunt-e,,,
NJTA,glunte,,,
NLQP,gunt-e,,,
NMCH,gunt-e,,,
NMUE,gille,,,
NMZI,pfütz-e,,,
NNHI,glungge_glügge,,,
NNPH,pfütz-e,,,
NOMA,gunt-e,,,
NOQT,gunt-e,,,
NPFH,gille,,,
NPQC,glunte,,,
NQPL,pfütz-e,,,
NSBJ,gille,,,
NUCN,glungge_glügge,,,
NUHA,pfütz-e,,,
NUYJ,gunt-e,,,
NVYG,gunt-e,,,
NWFD,gunt-e,,,
NWTU,glungge_glügge,,,
NXDG,gu-u-dle,,,
NYTH,pfütz-e,,,
NZQW,gunt-e,,,
OASX,gunt-e,,,
OBMP,pfütz-e,,,
OCBC,glunte,,,
ODPT,gille,,,
OEAH,glungge_glügge,,,
OEZX,gu-u-dle,,,
OFCF,gunt-e,,,
OFFV,glungge_glügge,,,
OFQQ,gu-u-dle,,,
OFXV,glungge_glügge,,,
OGPV,gunt-e,,,
OGQG,gump-e,,,
OHPG,gille,,,
OIDW,bütz-e,,,
OKGR,glungge_glügge,,,
OKOZ,glungge_glügge,,,
OKWW,gu-u-dle,,,
OLBL,gille,,,spez. Gillo
OLQM,gunt-e,,,
OOMM,gump-e,,,
OPGH,gille,,,
ORGN,gille,,,
ORWP,gump-e,,,
ORZF,glungge_glügge,,,
ORZO,gunt-e,,,
OSIL,gungge,,,
OTGL,glungge_glügge,,,
OTKB,gunt-e,,,
OUQD,glungge_glügge,,,
OUZE,glunte,,,
OWGL,glungge_glügge,,,
OWIM,glungge_glügge,,,
OYFQ,gunt-e,,,günte
OYUZ,butz,,,
OYYZ,glungge_glügge,,,
OZSY,glungge_glügge,,,
PCJF,gu-u-dle,,,
PCMF,pfütz-e,,,
PCNX,pfütz-e,,,
PDLD,pfütz-e,,,
PEAV,gungge,,,
PGMA,pfütz-e,,,
PIVE,glungge_glügge,,,
PJCV,pfütz-e,,,
PLSP,bütz-e,,,
PMBH,pfütz-e,,,
PMLQ,glungge_glügge,,,
PQFD,gunt-e,,,
PRTT,bütz-e,,,
PTMF,glunte,,,
PWBS,SDATS_gluntsche,,,
PWRG,gille,,,
PXDH,pfütz-e,,,
PXYB,pfütz-e,,,
PYDG,pfütz-e,,,
PYRT,pfütz-e,,,
PZKU,gump-e,,,
QAMI,gump-e,,,
QBCZ,pfütz-e,,,
QBYH,gump-e,,,
QDBA,gille,,,spez. gillu
QDCG,glungge_glügge,,,
QDGR,pfütz-e,,,
QDGV,gump-e,,,
QEOR,gille,,,spez. Gillo
QFCD,gump-e,,,
QFPK,pfütz-e,,,
QGPN,pfütz-e,,,
QKEJ,glunte,,,
QKJG,pfütz-e,,,
QKOW,gunt-e,,,
QKPX,gunt-e,,,
QMBF,gunt-e,,,
QMGE,glunte,,,
QMNB,glunte,,,
QNPX,pfütz-e,,,
QNXD,pfütz-e,,,
QOOD,gumpi,,,
QOST,glunte,,,
QQKY,pfütz-e,,,
QRRJ,gunt-e,,,
QSIC,glunte,,,
QVTY,pfütz-e,,,
QVWW,pfütz-e,,,
QVXX,pfütz-e,,,
QVYB,glungge_glügge,,,
QVYF,butz,,,
QWZT,glungge_glügge,,,
QXIH,pfütz-e,,,
QYGT,gille,,,
QZDY,glungge_glügge,,,
QZEX,pfütz-e,,,
RAJQ,SDATS_bullia,,,
RAKP,pfütz-e,,,
RATN,pfütz-e,,,
RBLS,pfütz-e,,,
RBOG,gille,,,
RCDF,glungge_glügge,,,
RCFR,pfütz-e,,,
RCWY,gunt-e,,,
RDTE,pfütz-e,,,
RGML,gu-u-dle,,,
RGSE,pfütz-e,,,
RHJX,glungge_glügge,,,
RHWR,pfütz-e,,,
RHYD,pfütz-e,,,
RIOS,gunt-e,,,
RJVT,gunt-e,,,
RLFX,gille,,,
RLZK,gu-u-dle,,,
RMKN,glungge_glügge,,,
RMNW,pfütz-e,,,
RMYB,glungge_glügge,,,
RMZZ,pfütz-e,,,
RNEW,glungge_glügge,,,
RNLY,pfütz-e,,,
ROMW,pfütz-e,,,
ROPY,pfütz-e,,,
ROYT,glunte,,,
RQHU,pfütz-e,,,
RQJR,glunte,,,
RRAU,glungge_glügge,,,
RRDW,glunte,,,
RRUY,lache,,,
RRWK,gunt-e,,,
RSUK,glunte,,,
RVHZ,gump-e,,,
RVPF,glunte,,,
RWZQ,pfütz-e,,,
RXAO,pfütz-e,,,
RXJS,SDATS_bädere,,,
RXSC,glungge_glügge,,,
RYDG,glungge_glügge,,,
RZKH,pfütz-e,,,
SATI,pfütz-e,,,
SAUU,glunte,,,
SBMK,pfütz-e,,,
SCON,glungge_glügge,,,
SCTT,pfütz-e,,,
SDOI,glungge_glügge,,,
SDYX,glunte,,,
SDYY,gunt-e,,,
SFID,glungge_glügge,,,
SFSY,gille,,,
SHDQ,glungge_glügge,,,
SHOU,glunte,,,
SIBL,pfütz-e,,,
SION,gille,,,spez. gillu
SJVF,glunte,,,
SKNK,pfütz-e,,,
SLLT,bütz-e,,,
SNDV,glunte,,,
SOKG,glungge_glügge,,,
SOZJ,gunt-e,,,
SPBA,glungge_glügge,,,
SPCF,pfütz-e,,,
SPYB,glungge_glügge,,,
SQAT,pfütz-e,,,
SRJK,gunt-e,,,
SSQE,butz,,,
SSZQ,SDATS_bädere,,,spez. bläde
STGG,gille,,,
STIG,pfütz-e,,,
STWW,pfütz-e,,,
SUKO,glungge_glügge,,,
SUPE,glungge_glügge,,,
SWXV,pfütz-e,,,
SXAH,gunt-e,,,
SXHP,gille,,,
SXMH,glungge_glügge,,,
SXOS,gunt-e,,,
SYIN,gump-e,,,
SYWQ,glungge_glügge,,,
SYZH,pfütz-e,gunt-e,,
SZYP,glunte,,,
TASM,glunte,,,
TBJW,pfütz-e,,,
TCBP,gunt-e,,,
TFBR,glungge_glügge,,,
TFRP,pfütz-e,,,
TFUD,glungge_glügge,,,
TGFZ,gu-u-dle,,,
THZB,glungge_glügge,,,
TIBD,glungge_glügge,,,
TIBR,gu-u-dle,,,
TIDA,gunt-e,,,
TIEX,gunt-e,,,
TIKO,gunt-e,,,
TIVM,pfütz-e,,,
TIXC,glumpe,,,
TKJD,gille,,,gillu
TMAV,glungge_glügge,,,
TMQT,pfütz-e,glungge_glügge,,
TMYB,pfütz-e,,,
TNUQ,pfütz-e,,,
TPJS,glungge_glügge,,,
TPQP,pfütz-e,,,
TPTK,pfütz-e,,,
TPVA,glungge_glügge,,,
TQKV,gunt-e,,,
TRDS,gunt-e,,,
TRYJ,gu-u-dle,,,
TSAA,glungge_glügge,,,
TSPB,glungge_glügge,,,
TTFI,glungge_glügge,,,
TTIS,gunt-e,,,
TTOF,pfütz-e,,,
TUEM,glungge_glügge,,,
TUNJ,pfütz-e,,,
TUSD,pfütz-e,,,
TUZA,pfütz-e,,,
TVAU,gu-u-dle,,,
TVET,pfütz-e,,,
TVKA,gump-e,,,
TVYF,pfütz-e,,,
TVZQ,pfütz-e,,,
TWDN,gunt-e,,,
TWOR,pfütz-e,,,
TYCF,gump-e,,,
TYEY,gille,,,
UAFK,gunt-e,,,günte
UBKB,glungge_glügge,,,
UCAX,gille,,,
UDTD,glungge_glügge,,,
UDXP,gunt-e,,,
UFAM,pfütz-e,,,
UFDY,gunt-e,,,
UGBP,pfütz-e,,,
UGGO,pfütz-e,,,
UGYQ,glungge_glügge,,,
UHTS,glungge_glügge,,,
UICW,lache,,,
UIHT,pfütz-e,,,
UKEJ,pfütz-e,,,
ULLP,gunt-e,,,
UMFL,gump-e,,,
UNOI,glungge_glügge,,,
UOAT,gunt-e,,,
UOSS,gunt-e,,,
UPAW,butz,,,
UQJA,gille,,,
UQKW,glungge_glügge,,,
URJL,glunte,,,
USUU,gunt-e,,,
UUCL,glungge_glügge,,,
UVIA,glungge_glügge,,,
UWMU,gunt-e,,,
UWOZ,glungge_glügge,,,
UWSQ,glungge_glügge,,,
UXEI,glungge_glügge,,,
UZPN,gunt-e,,,
VATG,glungge_glügge,,,
VBQG,pfütz-e,,,
VCMZ,pfütz-e,,,
VCZR,glungge_glügge,,,
VEKJ,glungge_glügge,,,
VETL,pfütz-e,,,
VFBX,gunt-e,,,
VFEX,glungge_glügge,,,
VFKD,pfütz-e,,,
VFLN,pfütz-e,,,
VGMD,glungge_glügge,,,
VGXK,butz,,,
VHUA,glunte,,,
VIKF,glungge_glügge,,,
VITE,glungge_glügge,,,
VIVS,pfütz-e,,,
VJUZ,gunt-e,,,
VJVC,pfütz-e,,,
VJYT,gunt-e,,,
VLFD,glungge_glügge,,,
VMPG,gu-u-dle,,,
VMXT,gunt-e,,,
VNQO,glunte,,,
VOVJ,glunte,,,
VOXQ,gump-e,,,
VOZO,pfütz-e,,,
VPSN,pfütz-e,,,
VQED,lache,,,
VQVH,gunt-e,,,
VRIT,gunt-e,,,
VRKE,gunt-e,,,
VRSA,glungge_glügge,,,
VRST,pfütz-e,,,
VSXG,glunte,,,
VTEA,gunt-e,,,
VUCU,glunte,,,
VUJO,pfütz-e,,,
VUTP,glungge_glügge,,,
VUYF,gunt-e,,,
VVAO,gunt-e,,,
VWOO,glumpe,,,
VXQH,gunt-e,,,spez. goont
VYVF,gunt-e,,,
VZZC,gunt-e,,,
WBHX,pfütz-e,,,
WCAR,pfütz-e,,,
WCPR,glungge_glügge,,,
WCWE,pfütz-e,,,
WDZS,gu-u-dle,,,
WFDO,pfütz-e,,,
WFQK,glunte,,,
WGFT,gille,,,
WHVY,glungge_glügge,,,
WIAS,glunte,,,
WIWF,pfütz-e,,,
WJHB,gu-u-dle,,,
WJWW,pfütz-e,,,
WKBB,gump-e,,,
WLOX,glunte,,,
WNIY,gump-e,,,
WNMA,gunt-e,,,
WOZO,gunt-e,,,
WRWX,pfütz-e,,,
WSZF,gunt-e,,,spez. günte
WTEK,pfütz-e,glunggi,,
WUCN,lache,,,
WUEY,gunt-e,,,
WUQD,gu-u-dle,,,
WVLP,gunt-e,,,
WVTO,pfütz-e,,,
WYIV,pfütz-e,,,
XAEL,gu-u-dle,,,
XBSQ,gille,,,spez. Gillo
XCEL,gille,,,
XCIM,pfütz-e,,,
XDBM,gump-e,,,
XDIE,gille,,,gillu
XDYX,glunte,,,
XEKM,pfütz-e,,,
XEUG,gump-e,,,
XGAA,pfütz-e,,,
XIOT,gunt-e,,,spez. günte
XIUW,gunt-e,,,
XIWJ,gunt-e,,,
XIXL,gunt-e,,,
XJVW,pfütz-e,,,
XMFF,butz,,,
XMXO,pfütz-e,,,
XMZW,pfütz-e,,,spez. pfüzun
XNAU,gu-u-dle,,,
XNEG,glungge_glügge,,,
XNJP,gunt-e,,,
XNVQ,glungge_glügge,,,
XOHE,pfütz-e,,,
XOIQ,glungge_glügge,,,
XPCV,gumpi,,,
XPMD,glungge_glügge,,,
XQGF,glungge_glügge,,,
XQYH,glungge_glügge,,,
XRIV,pfütz-e,,,
XSVA,gump-e,,,
XSXQ,pfütz-e,,,
XTPT,pfütz-e,,,
XTSM,glunte,,,
XUAK,glungge_glügge,,,
XVBP,pfütz-e,,,
XVHT,glungge_glügge,,,
XVRH,glungge_glügge,,,
XVTI,glumpe,,,
XVXT,glunte,,,
XXCT,pfütz-e,,,
XYCB,pfütz-e,,,
XYEE,glungge_glügge,,,
XYEK,glungge_glügge,,,
XYMB,gunt-e,,,
XZKG,gu-u-dle,,,
YBWQ,glungge_glügge,,,
YCXF,glunte,,,
YDIO,pfütz-e,,,
YDPY,gunt-e,,,
YDQV,glunte,,,
YDSB,butz,,,
YECE,glunggi,,,
YELS,gille,,,spez. gillo
YFEF,pfütz-e,,,
YFQM,glungge_glügge,,,
YFTY,pfütz-e,,,
YGDB,pfütz-e,,,
YGDZ,glumpe,,,
YGIV,pfütz-e,,,
YGXH,glumpe,,,
YGYR,gunt-e,,,
YHSV,pfütz-e,,,
YIIZ,glungge_glügge,,,
YIKI,gunt-e,,,
YIRI,glungge_glügge,,,
YJHC,glungge_glügge,,,
YJSI,lache,,,
YKFP,glunte,,,
YLOG,gump-e,,,
YLYK,pfütz-e,glunte,,
YMLU,pfütz-e,,,
YMTU,gunt-e,,,
YNDU,pfütz-e,,,
YOFQ,glungge_glügge,,,
YOGB,gu-u-dle,,,
YPDC,gunt-e,,,
YPWC,glutte,,,
YQIB,glungge_glügge,,,
YRCD,gunt-e,,,
YRWJ,glungge_glügge,,,
YRYC,pfütz-e,,,
YUAF,tümpel,,,
YVTX,glungge_glügge,,,
YXMA,glumpe,,,
YXRN,pfütz-e,,,
YYYI,gunt-e,,,
YZVT,pfütz-e,,,
YZZH,glungge_glügge,,,
ZAAX,pfütz-e,,,
ZAHZ,pfütz-e,,,
ZBAS,gunt-e,,,
ZCEZ,glungge_glügge,,,
ZCNV,glumpe,,,
ZCOU,glungge_glügge,,,
ZDGL,glungge_glügge,,,
ZEWN,glutte,,,
ZFDB,lache,,,
ZFMD,glungge_glügge,,,
ZFOJ,gunt-e,,,
ZFWF,glunggi,,,
ZGBL,glungge_glügge,,,
ZGNM,gille,,,
ZGQY,gunt-e,,,
ZGYT,glungge_glügge,,,
ZHCJ,glungge_glügge,,,
ZHRR,gunt-e,,,
ZIOD,pfütz-e,,,
ZISL,glungge_glügge,,,
ZJFT,glungge_glügge,,,
ZJOB,glungge_glügge,,,
ZKCK,gunt-e,,,
ZKMF,glungge_glügge,,,
ZKZN,pfütz-e,,,
ZLFM,glungge_glügge,,,
ZLKX,glungge_glügge,,,
ZLZD,gunt-e,,,
ZMCX,gille,,,spez. Gillo
ZOLO,pfütz-e,,,
ZPCZ,glungge_glügge,,,
ZPGU,gunt-e,,,
ZPMN,gunt-e,,,
ZPWK,pfütz-e,,,
ZPWZ,pfütz-e,,,
ZQMH,pfütz-e,,,
ZQTC,glungge_glügge,,,
ZRRB,gunt-e,,,
ZRWA,pfütz-e,,,
ZSMF,lache,,,
ZTBJ,pfütz-e,,,
ZTLY,glungge_glügge,,,
ZUYN,gunt-e,,,
ZVDJ,gille,,,
ZVMY,pfütz-e,,,
ZVYB,pfütz-e,,,
ZWLT,pfütz-e,,,
ZXKI,gunt-e,,,
ZYHQ,pfütz-e,,,
ZYKF,glungge_glügge,,,
ZZSM,gu-u-dle,,,